{
  "zipcodes": [
    {
      "zipcode": "10001",
      "name": "Chelsea, Manhattan",
      "bounds": {
        "min_lat": 40.7400,
        "max_lat": 40.7600,
        "min_lon": -74.0100,
        "max_lon": -73.9900
      }
    },
    {
      "zipcode": "10002",
      "name": "Lower East Side, Manhattan",
      "bounds": {
        "min_lat": 40.7100,
        "max_lat": 40.7200,
        "min_lon": -73.9900,
        "max_lon": -73.9800
      }
    },
    {
      "zipcode": "10003",
      "name": "East Village, Manhattan",
      "bounds": {
        "min_lat": 40.7200,
        "max_lat": 40.7400,
        "min_lon": -73.9900,
        "max_lon": -73.9800
      }
    },
    {
      "zipcode": "10004",
      "name": "Financial District, Manhattan",
      "bounds": {
        "min_lat": 40.6800,
        "max_lat": 40.7100,
        "min_lon": -74.0200,
        "max_lon": -74.0000
      }
    },
    {
      "zipcode": "10005",
      "name": "Financial District, Manhattan",
      "bounds": {
        "min_lat": 40.7000,
        "max_lat": 40.7100,
        "min_lon": -74.0200,
        "max_lon": -74.0000
      }
    },
    {
      "zipcode": "10006",
      "name": "Financial District, Manhattan",
      "bounds": {
        "min_lat": 40.7000,
        "max_lat": 40.7200,
        "min_lon": -74.0200,
        "max_lon": -74.0000
      }
    },
    {
      "zipcode": "10007",
      "name": "Tribeca, Manhattan",
      "bounds": {
        "min_lat": 40.7100,
        "max_lat": 40.7200,
        "min_lon": -74.0100,
        "max_lon": -73.9900
      }
    },
    {
      "zipcode": "10009",
      "name": "Alphabet City, Manhattan",
      "bounds": {
        "min_lat": 40.7200,
        "max_lat": 40.7400,
        "min_lon": -73.9800,
        "max_lon": -73.9700
      }
    },
    {
      "zipcode": "10010",
      "name": "Gramercy, Manhattan",
      "bounds": {
        "min_lat": 40.7300,
        "max_lat": 40.7500,
        "min_lon": -73.9900,
        "max_lon": -73.9800
      }
    },
    {
      "zipcode": "10011",
      "name": "Chelsea, Manhattan",
      "bounds": {
        "min_lat": 40.7400,
        "max_lat": 40.7600,
        "min_lon": -74.0100,
        "max_lon": -73.9900
      }
    },
    {
      "zipcode": "10012",
      "name": "SoHo, Manhattan",
      "bounds": {
        "min_lat": 40.7200,
        "max_lat": 40.7300,
        "min_lon": -74.0100,
        "max_lon": -73.9900
      }
    },
    {
      "zipcode": "10013",
      "name": "Tribeca, Manhattan",
      "bounds": {
        "min_lat": 40.7100,
        "max_lat": 40.7300,
        "min_lon": -74.0100,
        "max_lon": -73.9900
      }
    },
    {
      "zipcode": "10014",
      "name": "West Village, Manhattan",
      "bounds": {
        "min_lat": 40.7300,
        "max_lat": 40.7500,
        "min_lon": -74.0100,
        "max_lon": -73.9900
      }
    },
    {
      "zipcode": "10016",
      "name": "Murray Hill, Manhattan",
      "bounds": {
        "min_lat": 40.7400,
        "max_lat": 40.7600,
        "min_lon": -73.9900,
        "max_lon": -73.9700
      }
    },
    {
      "zipcode": "10017",
      "name": "Midtown East, Manhattan",
      "bounds": {
        "min_lat": 40.7500,
        "max_lat": 40.7600,
        "min_lon": -73.9800,
        "max_lon": -73.9700
      }
    },
    {
      "zipcode": "10018",
      "name": "Hell's Kitchen, Manhattan",
      "bounds": {
        "min_lat": 40.7500,
        "max_lat": 40.7700,
        "min_lon": -74.0000,
        "max_lon": -73.9800
      }
    },
    {
      "zipcode": "10019",
      "name": "Midtown West, Manhattan",
      "bounds": {
        "min_lat": 40.7600,
        "max_lat": 40.7700,
        "min_lon": -74.0000,
        "max_lon": -73.9800
      }
    },
    {
      "zipcode": "10021",
      "name": "Upper East Side, Manhattan",
      "bounds": {
        "min_lat": 40.7600,
        "max_lat": 40.7800,
        "min_lon": -73.9700,
        "max_lon": -73.9500
      }
    },
    {
      "zipcode": "10022",
      "name": "Upper East Side, Manhattan",
      "bounds": {
        "min_lat": 40.7500,
        "max_lat": 40.7700,
        "min_lon": -73.9700,
        "max_lon": -73.9500
      }
    },
    {
      "zipcode": "10023",
      "name": "Upper West Side, Manhattan",
      "bounds": {
        "min_lat": 40.7700,
        "max_lat": 40.7900,
        "min_lon": -74.0000,
        "max_lon": -73.9800
      }
    },
    {
      "zipcode": "10024",
      "name": "Upper West Side, Manhattan",
      "bounds": {
        "min_lat": 40.7800,
        "max_lat": 40.8000,
        "min_lon": -74.0000,
        "max_lon": -73.9800
      }
    },
    {
      "zipcode": "10025",
      "name": "Upper West Side, Manhattan",
      "bounds": {
        "min_lat": 40.7900,
        "max_lat": 40.8100,
        "min_lon": -74.0000,
        "max_lon": -73.9800
      }
    },
    {
      "zipcode": "10026",
      "name": "Harlem, Manhattan",
      "bounds": {
        "min_lat": 40.8000,
        "max_lat": 40.8200,
        "min_lon": -73.9600,
        "max_lon": -73.9400
      }
    },
    {
      "zipcode": "10027",
      "name": "Harlem, Manhattan",
      "bounds": {
        "min_lat": 40.8000,
        "max_lat": 40.8200,
        "min_lon": -73.9600,
        "max_lon": -73.9400
      }
    },
    {
      "zipcode": "10028",
      "name": "Upper East Side, Manhattan",
      "bounds": {
        "min_lat": 40.7700,
        "max_lat": 40.7900,
        "min_lon": -73.9600,
        "max_lon": -73.9400
      }
    },
    {
      "zipcode": "10029",
      "name": "East Harlem, Manhattan",
      "bounds": {
        "min_lat": 40.7900,
        "max_lat": 40.8100,
        "min_lon": -73.9400,
        "max_lon": -73.9200
      }
    },
    {
      "zipcode": "10030",
      "name": "Harlem, Manhattan",
      "bounds": {
        "min_lat": 40.8100,
        "max_lat": 40.8300,
        "min_lon": -73.9600,
        "max_lon": -73.9400
      }
    },
    {
      "zipcode": "10031",
      "name": "Hamilton Heights, Manhattan",
      "bounds": {
        "min_lat": 40.8200,
        "max_lat": 40.8400,
        "min_lon": -73.9600,
        "max_lon": -73.9400
      }
    },
    {
      "zipcode": "10032",
      "name": "Washington Heights, Manhattan",
      "bounds": {
        "min_lat": 40.8300,
        "max_lat": 40.8500,
        "min_lon": -73.9500,
        "max_lon": -73.9300
      }
    },
    {
      "zipcode": "10033",
      "name": "Washington Heights, Manhattan",
      "bounds": {
        "min_lat": 40.8400,
        "max_lat": 40.8600,
        "min_lon": -73.9500,
        "max_lon": -73.9300
      }
    },
    {
      "zipcode": "10034",
      "name": "Inwood, Manhattan",
      "bounds": {
        "min_lat": 40.8600,
        "max_lat": 40.8800,
        "min_lon": -73.9400,
        "max_lon": -73.9200
      }
    },
    {
      "zipcode": "10035",
      "name": "East Harlem, Manhattan",
      "bounds": {
        "min_lat": 40.8000,
        "max_lat": 40.8200,
        "min_lon": -73.9400,
        "max_lon": -73.9200
      }
    },
    {
      "zipcode": "10036",
      "name": "Midtown West, Manhattan",
      "bounds": {
        "min_lat": 40.7500,
        "max_lat": 40.7700,
        "min_lon": -74.0000,
        "max_lon": -73.9800
      }
    },
    {
      "zipcode": "10037",
      "name": "Harlem, Manhattan",
      "bounds": {
        "min_lat": 40.8100,
        "max_lat": 40.8300,
        "min_lon": -73.9400,
        "max_lon": -73.9200
      }
    },
    {
      "zipcode": "10038",
      "name": "Financial District, Manhattan",
      "bounds": {
        "min_lat": 40.7000,
        "max_lat": 40.7200,
        "min_lon": -74.0200,
        "max_lon": -74.0000
      }
    },
    {
      "zipcode": "10039",
      "name": "Harlem, Manhattan",
      "bounds": {
        "min_lat": 40.8200,
        "max_lat": 40.8400,
        "min_lon": -73.9400,
        "max_lon": -73.9200
      }
    },
    {
      "zipcode": "10040",
      "name": "Inwood, Manhattan",
      "bounds": {
        "min_lat": 40.8600,
        "max_lat": 40.8800,
        "min_lon": -73.9400,
        "max_lon": -73.9200
      }
    },
    {
      "zipcode": "10044",
      "name": "Roosevelt Island, Manhattan",
      "bounds": {
        "min_lat": 40.7500,
        "max_lat": 40.7700,
        "min_lon": -73.9600,
        "max_lon": -73.9400
      }
    },
    {
      "zipcode": "10065",
      "name": "Upper East Side, Manhattan",
      "bounds": {
        "min_lat": 40.7600,
        "max_lat": 40.7800,
        "min_lon": -73.9600,
        "max_lon": -73.9400
      }
    },
    {
      "zipcode": "10069",
      "name": "Upper West Side, Manhattan",
      "bounds": {
        "min_lat": 40.7700,
        "max_lat": 40.7900,
        "min_lon": -74.0000,
        "max_lon": -73.9800
      }
    },
    {
      "zipcode": "10075",
      "name": "Upper East Side, Manhattan",
      "bounds": {
        "min_lat": 40.7700,
        "max_lat": 40.7900,
        "min_lon": -73.9500,
        "max_lon": -73.9300
      }
    },
    {
      "zipcode": "10128",
      "name": "Upper East Side, Manhattan",
      "bounds": {
        "min_lat": 40.7800,
        "max_lat": 40.8000,
        "min_lon": -73.9500,
        "max_lon": -73.9300
      }
    },
    {
      "zipcode": "10280",
      "name": "Battery Park City, Manhattan",
      "bounds": {
        "min_lat": 40.7100,
        "max_lat": 40.7200,
        "min_lon": -74.0200,
        "max_lon": -74.0000
      }
    },
    {
      "zipcode": "10282",
      "name": "Financial District, Manhattan",
      "bounds": {
        "min_lat": 40.7000,
        "max_lat": 40.7200,
        "min_lon": -74.0200,
        "max_lon": -74.0000
      }
    },
    {
      "zipcode": "10451",
      "name": "South Bronx, Bronx",
      "bounds": {
        "min_lat": 40.8100,
        "max_lat": 40.8300,
        "min_lon": -73.9300,
        "max_lon": -73.9100
      }
    },
    {
      "zipcode": "10452",
      "name": "South Bronx, Bronx",
      "bounds": {
        "min_lat": 40.8300,
        "max_lat": 40.8500,
        "min_lon": -73.9300,
        "max_lon": -73.9100
      }
    },
    {
      "zipcode": "10453",
      "name": "South Bronx, Bronx",
      "bounds": {
        "min_lat": 40.8500,
        "max_lat": 40.8700,
        "min_lon": -73.9300,
        "max_lon": -73.9100
      }
    },
    {
      "zipcode": "10454",
      "name": "South Bronx, Bronx",
      "bounds": {
        "min_lat": 40.8000,
        "max_lat": 40.8200,
        "min_lon": -73.9100,
        "max_lon": -73.8900
      }
    },
    {
      "zipcode": "10455",
      "name": "South Bronx, Bronx",
      "bounds": {
        "min_lat": 40.8100,
        "max_lat": 40.8300,
        "min_lon": -73.9100,
        "max_lon": -73.8900
      }
    },
    {
      "zipcode": "10456",
      "name": "South Bronx, Bronx",
      "bounds": {
        "min_lat": 40.8300,
        "max_lat": 40.8500,
        "min_lon": -73.9100,
        "max_lon": -73.8900
      }
    },
    {
      "zipcode": "10457",
      "name": "South Bronx, Bronx",
      "bounds": {
        "min_lat": 40.8500,
        "max_lat": 40.8700,
        "min_lon": -73.9100,
        "max_lon": -73.8900
      }
    },
    {
      "zipcode": "10458",
      "name": "South Bronx, Bronx",
      "bounds": {
        "min_lat": 40.8600,
        "max_lat": 40.8800,
        "min_lon": -73.9100,
        "max_lon": -73.8900
      }
    },
    {
      "zipcode": "10459",
      "name": "South Bronx, Bronx",
      "bounds": {
        "min_lat": 40.8200,
        "max_lat": 40.8400,
        "min_lon": -73.8900,
        "max_lon": -73.8700
      }
    },
    {
      "zipcode": "10460",
      "name": "South Bronx, Bronx",
      "bounds": {
        "min_lat": 40.8400,
        "max_lat": 40.8600,
        "min_lon": -73.8900,
        "max_lon": -73.8700
      }
    },
    {
      "zipcode": "10461",
      "name": "East Bronx, Bronx",
      "bounds": {
        "min_lat": 40.8400,
        "max_lat": 40.8600,
        "min_lon": -73.8700,
        "max_lon": -73.8500
      }
    },
    {
      "zipcode": "10462",
      "name": "East Bronx, Bronx",
      "bounds": {
        "min_lat": 40.8500,
        "max_lat": 40.8700,
        "min_lon": -73.8700,
        "max_lon": -73.8500
      }
    },
    {
      "zipcode": "10463",
      "name": "North Bronx, Bronx",
      "bounds": {
        "min_lat": 40.8800,
        "max_lat": 40.9000,
        "min_lon": -73.9200,
        "max_lon": -73.9000
      }
    },
    {
      "zipcode": "10464",
      "name": "North Bronx, Bronx",
      "bounds": {
        "min_lat": 40.8600,
        "max_lat": 40.8800,
        "min_lon": -73.8500,
        "max_lon": -73.8300
      }
    },
    {
      "zipcode": "10465",
      "name": "East Bronx, Bronx",
      "bounds": {
        "min_lat": 40.8300,
        "max_lat": 40.8500,
        "min_lon": -73.8500,
        "max_lon": -73.8300
      }
    },
    {
      "zipcode": "10466",
      "name": "North Bronx, Bronx",
      "bounds": {
        "min_lat": 40.8800,
        "max_lat": 40.9000,
        "min_lon": -73.8700,
        "max_lon": -73.8500
      }
    },
    {
      "zipcode": "10467",
      "name": "North Bronx, Bronx",
      "bounds": {
        "min_lat": 40.8700,
        "max_lat": 40.8900,
        "min_lon": -73.8900,
        "max_lon": -73.8700
      }
    },
    {
      "zipcode": "10468",
      "name": "North Bronx, Bronx",
      "bounds": {
        "min_lat": 40.8700,
        "max_lat": 40.8900,
        "min_lon": -73.9200,
        "max_lon": -73.9000
      }
    },
    {
      "zipcode": "10469",
      "name": "East Bronx, Bronx",
      "bounds": {
        "min_lat": 40.8700,
        "max_lat": 40.8900,
        "min_lon": -73.8700,
        "max_lon": -73.8500
      }
    },
    {
      "zipcode": "10470",
      "name": "North Bronx, Bronx",
      "bounds": {
        "min_lat": 40.8900,
        "max_lat": 40.9100,
        "min_lon": -73.9000,
        "max_lon": -73.8800
      }
    },
    {
      "zipcode": "10471",
      "name": "North Bronx, Bronx",
      "bounds": {
        "min_lat": 40.9000,
        "max_lat": 40.9200,
        "min_lon": -73.9200,
        "max_lon": -73.9000
      }
    },
    {
      "zipcode": "10472",
      "name": "South Bronx, Bronx",
      "bounds": {
        "min_lat": 40.8300,
        "max_lat": 40.8500,
        "min_lon": -73.8900,
        "max_lon": -73.8700
      }
    },
    {
      "zipcode": "10473",
      "name": "East Bronx, Bronx",
      "bounds": {
        "min_lat": 40.8200,
        "max_lat": 40.8400,
        "min_lon": -73.8700,
        "max_lon": -73.8500
      }
    },
    {
      "zipcode": "10474",
      "name": "South Bronx, Bronx",
      "bounds": {
        "min_lat": 40.8000,
        "max_lat": 40.8200,
        "min_lon": -73.9100,
        "max_lon": -73.8900
      }
    },
    {
      "zipcode": "10475",
      "name": "East Bronx, Bronx",
      "bounds": {
        "min_lat": 40.8600,
        "max_lat": 40.8800,
        "min_lon": -73.8500,
        "max_lon": -73.8300
      }
    },
    {
      "zipcode": "11201",
      "name": "Brooklyn Heights, Brooklyn",
      "bounds": {
        "min_lat": 40.6900,
        "max_lat": 40.7100,
        "min_lon": -74.0000,
        "max_lon": -73.9800
      }
    },
    {
      "zipcode": "11203",
      "name": "Flatbush, Brooklyn",
      "bounds": {
        "min_lat": 40.6400,
        "max_lat": 40.6600,
        "min_lon": -73.9400,
        "max_lon": -73.9200
      }
    },
    {
      "zipcode": "11204",
      "name": "Bensonhurst, Brooklyn",
      "bounds": {
        "min_lat": 40.6000,
        "max_lat": 40.6200,
        "min_lon": -74.0000,
        "max_lon": -73.9800
      }
    },
    {
      "zipcode": "11205",
      "name": "Fort Greene, Brooklyn",
      "bounds": {
        "min_lat": 40.6900,
        "max_lat": 40.7100,
        "min_lon": -73.9700,
        "max_lon": -73.9500
      }
    },
    {
      "zipcode": "11206",
      "name": "Bushwick, Brooklyn",
      "bounds": {
        "min_lat": 40.7000,
        "max_lat": 40.7200,
        "min_lon": -73.9400,
        "max_lon": -73.9200
      }
    },
    {
      "zipcode": "11207",
      "name": "East New York, Brooklyn",
      "bounds": {
        "min_lat": 40.6600,
        "max_lat": 40.6800,
        "min_lon": -73.8900,
        "max_lon": -73.8700
      }
    },
    {
      "zipcode": "11208",
      "name": "East New York, Brooklyn",
      "bounds": {
        "min_lat": 40.6800,
        "max_lat": 40.7000,
        "min_lon": -73.8900,
        "max_lon": -73.8700
      }
    },
    {
      "zipcode": "11209",
      "name": "Bay Ridge, Brooklyn",
      "bounds": {
        "min_lat": 40.6200,
        "max_lat": 40.6400,
        "min_lon": -74.0400,
        "max_lon": -74.0200
      }
    },
    {
      "zipcode": "11210",
      "name": "Flatbush, Brooklyn",
      "bounds": {
        "min_lat": 40.6300,
        "max_lat": 40.6500,
        "min_lon": -73.9500,
        "max_lon": -73.9300
      }
    },
    {
      "zipcode": "11211",
      "name": "Williamsburg, Brooklyn",
      "bounds": {
        "min_lat": 40.7100,
        "max_lat": 40.7300,
        "min_lon": -73.9600,
        "max_lon": -73.9400
      }
    },
    {
      "zipcode": "11212",
      "name": "Brownsville, Brooklyn",
      "bounds": {
        "min_lat": 40.6600,
        "max_lat": 40.6800,
        "min_lon": -73.9200,
        "max_lon": -73.9000
      }
    },
    {
      "zipcode": "11213",
      "name": "Crown Heights, Brooklyn",
      "bounds": {
        "min_lat": 40.6700,
        "max_lat": 40.6900,
        "min_lon": -73.9400,
        "max_lon": -73.9200
      }
    },
    {
      "zipcode": "11214",
      "name": "Bensonhurst, Brooklyn",
      "bounds": {
        "min_lat": 40.6000,
        "max_lat": 40.6200,
        "min_lon": -74.0200,
        "max_lon": -74.0000
      }
    },
    {
      "zipcode": "11215",
      "name": "Park Slope, Brooklyn",
      "bounds": {
        "min_lat": 40.6600,
        "max_lat": 40.6800,
        "min_lon": -73.9800,
        "max_lon": -73.9600
      }
    },
    {
      "zipcode": "11216",
      "name": "Bedford-Stuyvesant, Brooklyn",
      "bounds": {
        "min_lat": 40.6800,
        "max_lat": 40.7000,
        "min_lon": -73.9500,
        "max_lon": -73.9300
      }
    },
    {
      "zipcode": "11217",
      "name": "Park Slope, Brooklyn",
      "bounds": {
        "min_lat": 40.6800,
        "max_lat": 40.7000,
        "min_lon": -73.9800,
        "max_lon": -73.9600
      }
    },
    {
      "zipcode": "11218",
      "name": "Kensington, Brooklyn",
      "bounds": {
        "min_lat": 40.6400,
        "max_lat": 40.6600,
        "min_lon": -73.9800,
        "max_lon": -73.9600
      }
    },
    {
      "zipcode": "11219",
      "name": "Borough Park, Brooklyn",
      "bounds": {
        "min_lat": 40.6300,
        "max_lat": 40.6500,
        "min_lon": -73.9900,
        "max_lon": -73.9700
      }
    },
    {
      "zipcode": "11220",
      "name": "Sunset Park, Brooklyn",
      "bounds": {
        "min_lat": 40.6400,
        "max_lat": 40.6600,
        "min_lon": -74.0200,
        "max_lon": -74.0000
      }
    },
    {
      "zipcode": "11221",
      "name": "Bushwick, Brooklyn",
      "bounds": {
        "min_lat": 40.6900,
        "max_lat": 40.7100,
        "min_lon": -73.9300,
        "max_lon": -73.9100
      }
    },
    {
      "zipcode": "11222",
      "name": "Greenpoint, Brooklyn",
      "bounds": {
        "min_lat": 40.7300,
        "max_lat": 40.7500,
        "min_lon": -73.9600,
        "max_lon": -73.9400
      }
    },
    {
      "zipcode": "11223",
      "name": "Gravesend, Brooklyn",
      "bounds": {
        "min_lat": 40.5900,
        "max_lat": 40.6100,
        "min_lon": -74.0000,
        "max_lon": -73.9800
      }
    },
    {
      "zipcode": "11224",
      "name": "Coney Island, Brooklyn",
      "bounds": {
        "min_lat": 40.5700,
        "max_lat": 40.5900,
        "min_lon": -74.0000,
        "max_lon": -73.9800
      }
    },
    {
      "zipcode": "11225",
      "name": "Crown Heights, Brooklyn",
      "bounds": {
        "min_lat": 40.6600,
        "max_lat": 40.6800,
        "min_lon": -73.9500,
        "max_lon": -73.9300
      }
    },
    {
      "zipcode": "11226",
      "name": "Flatbush, Brooklyn",
      "bounds": {
        "min_lat": 40.6400,
        "max_lat": 40.6600,
        "min_lon": -73.9600,
        "max_lon": -73.9400
      }
    },
    {
      "zipcode": "11228",
      "name": "Bay Ridge, Brooklyn",
      "bounds": {
        "min_lat": 40.6100,
        "max_lat": 40.6300,
        "min_lon": -74.0400,
        "max_lon": -74.0200
      }
    },
    {
      "zipcode": "11229",
      "name": "Sheepshead Bay, Brooklyn",
      "bounds": {
        "min_lat": 40.5900,
        "max_lat": 40.6100,
        "min_lon": -73.9600,
        "max_lon": -73.9400
      }
    },
    {
      "zipcode": "11230",
      "name": "Midwood, Brooklyn",
      "bounds": {
        "min_lat": 40.6200,
        "max_lat": 40.6400,
        "min_lon": -73.9700,
        "max_lon": -73.9500
      }
    },
    {
      "zipcode": "11231",
      "name": "Red Hook, Brooklyn",
      "bounds": {
        "min_lat": 40.6700,
        "max_lat": 40.6900,
        "min_lon": -74.0100,
        "max_lon": -73.9900
      }
    },
    {
      "zipcode": "11232",
      "name": "Sunset Park, Brooklyn",
      "bounds": {
        "min_lat": 40.6500,
        "max_lat": 40.6700,
        "min_lon": -74.0200,
        "max_lon": -74.0000
      }
    },
    {
      "zipcode": "11233",
      "name": "Bedford-Stuyvesant, Brooklyn",
      "bounds": {
        "min_lat": 40.6800,
        "max_lat": 40.7000,
        "min_lon": -73.9200,
        "max_lon": -73.9000
      }
    },
    {
      "zipcode": "11234",
      "name": "Canarsie, Brooklyn",
      "bounds": {
        "min_lat": 40.6200,
        "max_lat": 40.6400,
        "min_lon": -73.9200,
        "max_lon": -73.9000
      }
    },
    {
      "zipcode": "11235",
      "name": "Brighton Beach, Brooklyn",
      "bounds": {
        "min_lat": 40.5700,
        "max_lat": 40.5900,
        "min_lon": -73.9600,
        "max_lon": -73.9400
      }
    },
    {
      "zipcode": "11236",
      "name": "Canarsie, Brooklyn",
      "bounds": {
        "min_lat": 40.6400,
        "max_lat": 40.6600,
        "min_lon": -73.9000,
        "max_lon": -73.8800
      }
    },
    {
      "zipcode": "11237",
      "name": "Bushwick, Brooklyn",
      "bounds": {
        "min_lat": 40.7000,
        "max_lat": 40.7200,
        "min_lon": -73.9200,
        "max_lon": -73.9000
      }
    },
    {
      "zipcode": "11238",
      "name": "Prospect Heights, Brooklyn",
      "bounds": {
        "min_lat": 40.6700,
        "max_lat": 40.6900,
        "min_lon": -73.9700,
        "max_lon": -73.9500
      }
    },
    {
      "zipcode": "11239",
      "name": "East New York, Brooklyn",
      "bounds": {
        "min_lat": 40.6500,
        "max_lat": 40.6700,
        "min_lon": -73.8900,
        "max_lon": -73.8700
      }
    },
    {
      "zipcode": "10301",
      "name": "St. George, Staten Island",
      "bounds": {
        "min_lat": 40.6400,
        "max_lat": 40.6600,
        "min_lon": -74.0800,
        "max_lon": -74.0600
      }
    },
    {
      "zipcode": "10302",
      "name": "New Brighton, Staten Island",
      "bounds": {
        "min_lat": 40.6400,
        "max_lat": 40.6600,
        "min_lon": -74.1000,
        "max_lon": -74.0800
      }
    },
    {
      "zipcode": "10303",
      "name": "Stapleton, Staten Island",
      "bounds": {
        "min_lat": 40.6200,
        "max_lat": 40.6400,
        "min_lon": -74.0800,
        "max_lon": -74.0600
      }
    },
    {
      "zipcode": "10304",
      "name": "South Beach, Staten Island",
      "bounds": {
        "min_lat": 40.6000,
        "max_lat": 40.6200,
        "min_lon": -74.0800,
        "max_lon": -74.0600
      }
    },
    {
      "zipcode": "10305",
      "name": "Midland Beach, Staten Island",
      "bounds": {
        "min_lat": 40.5800,
        "max_lat": 40.6000,
        "min_lon": -74.1000,
        "max_lon": -74.0800
      }
    },
    {
      "zipcode": "10306",
      "name": "New Dorp, Staten Island",
      "bounds": {
        "min_lat": 40.5700,
        "max_lat": 40.5900,
        "min_lon": -74.1200,
        "max_lon": -74.1000
      }
    },
    {
      "zipcode": "10307",
      "name": "Tottenville, Staten Island",
      "bounds": {
        "min_lat": 40.5100,
        "max_lat": 40.5300,
        "min_lon": -74.2600,
        "max_lon": -74.2400
      }
    },
    {
      "zipcode": "10308",
      "name": "Great Kills, Staten Island",
      "bounds": {
        "min_lat": 40.5400,
        "max_lat": 40.5600,
        "min_lon": -74.1600,
        "max_lon": -74.1400
      }
    },
    {
      "zipcode": "10309",
      "name": "Eltingville, Staten Island",
      "bounds": {
        "min_lat": 40.5400,
        "max_lat": 40.5600,
        "min_lon": -74.2000,
        "max_lon": -74.1800
      }
    },
    {
      "zipcode": "10310",
      "name": "Port Richmond, Staten Island",
      "bounds": {
        "min_lat": 40.6300,
        "max_lat": 40.6500,
        "min_lon": -74.1400,
        "max_lon": -74.1200
      }
    },
    {
      "zipcode": "10312",
      "name": "Annadale, Staten Island",
      "bounds": {
        "min_lat": 40.5400,
        "max_lat": 40.5600,
        "min_lon": -74.1800,
        "max_lon": -74.1600
      }
    },
    {
      "zipcode": "10314",
      "name": "New Springville, Staten Island",
      "bounds": {
        "min_lat": 40.5900,
        "max_lat": 40.6100,
        "min_lon": -74.1600,
        "max_lon": -74.1400
      }
    },
    {
      "zipcode": "11101",
      "name": "Astoria, Queens",
      "bounds": {
        "min_lat": 40.7500,
        "max_lat": 40.7700,
        "min_lon": -73.9400,
        "max_lon": -73.9200
      }
    },
    {
      "zipcode": "11102",
      "name": "Astoria, Queens",
      "bounds": {
        "min_lat": 40.7600,
        "max_lat": 40.7800,
        "min_lon": -73.9400,
        "max_lon": -73.9200
      }
    },
    {
      "zipcode": "11103",
      "name": "Astoria, Queens",
      "bounds": {
        "min_lat": 40.7700,
        "max_lat": 40.7900,
        "min_lon": -73.9400,
        "max_lon": -73.9200
      }
    },
    {
      "zipcode": "11104",
      "name": "Astoria, Queens",
      "bounds": {
        "min_lat": 40.7500,
        "max_lat": 40.7700,
        "min_lon": -73.9200,
        "max_lon": -73.9000
      }
    },
    {
      "zipcode": "11105",
      "name": "Astoria, Queens",
      "bounds": {
        "min_lat": 40.7700,
        "max_lat": 40.7900,
        "min_lon": -73.9200,
        "max_lon": -73.9000
      }
    },
    {
      "zipcode": "11106",
      "name": "Astoria, Queens",
      "bounds": {
        "min_lat": 40.7600,
        "max_lat": 40.7800,
        "min_lon": -73.9000,
        "max_lon": -73.8800
      }
    },
    {
      "zipcode": "11354",
      "name": "Flushing, Queens",
      "bounds": {
        "min_lat": 40.7500,
        "max_lat": 40.7700,
        "min_lon": -73.8400,
        "max_lon": -73.8200
      }
    },
    {
      "zipcode": "11355",
      "name": "Flushing, Queens",
      "bounds": {
        "min_lat": 40.7400,
        "max_lat": 40.7600,
        "min_lon": -73.8400,
        "max_lon": -73.8200
      }
    },
    {
      "zipcode": "11356",
      "name": "College Point, Queens",
      "bounds": {
        "min_lat": 40.7800,
        "max_lat": 40.8000,
        "min_lon": -73.8600,
        "max_lon": -73.8400
      }
    },
    {
      "zipcode": "11357",
      "name": "Whitestone, Queens",
      "bounds": {
        "min_lat": 40.7900,
        "max_lat": 40.8100,
        "min_lon": -73.8200,
        "max_lon": -73.8000
      }
    },
    {
      "zipcode": "11358",
      "name": "Flushing, Queens",
      "bounds": {
        "min_lat": 40.7600,
        "max_lat": 40.7800,
        "min_lon": -73.8200,
        "max_lon": -73.8000
      }
    },
    {
      "zipcode": "11360",
      "name": "Bayside, Queens",
      "bounds": {
        "min_lat": 40.7800,
        "max_lat": 40.8000,
        "min_lon": -73.8000,
        "max_lon": -73.7800
      }
    },
    {
      "zipcode": "11361",
      "name": "Bayside, Queens",
      "bounds": {
        "min_lat": 40.7600,
        "max_lat": 40.7800,
        "min_lon": -73.8000,
        "max_lon": -73.7800
      }
    },
    {
      "zipcode": "11362",
      "name": "Little Neck, Queens",
      "bounds": {
        "min_lat": 40.7800,
        "max_lat": 40.8000,
        "min_lon": -73.7600,
        "max_lon": -73.7400
      }
    },
    {
      "zipcode": "11363",
      "name": "Little Neck, Queens",
      "bounds": {
        "min_lat": 40.7700,
        "max_lat": 40.7900,
        "min_lon": -73.7600,
        "max_lon": -73.7400
      }
    },
    {
      "zipcode": "11364",
      "name": "Oakland Gardens, Queens",
      "bounds": {
        "min_lat": 40.7500,
        "max_lat": 40.7700,
        "min_lon": -73.7600,
        "max_lon": -73.7400
      }
    },
    {
      "zipcode": "11365",
      "name": "Fresh Meadows, Queens",
      "bounds": {
        "min_lat": 40.7300,
        "max_lat": 40.7500,
        "min_lon": -73.8000,
        "max_lon": -73.7800
      }
    },
    {
      "zipcode": "11366",
      "name": "Fresh Meadows, Queens",
      "bounds": {
        "min_lat": 40.7200,
        "max_lat": 40.7400,
        "min_lon": -73.8000,
        "max_lon": -73.7800
      }
    },
    {
      "zipcode": "11367",
      "name": "Hillcrest, Queens",
      "bounds": {
        "min_lat": 40.7200,
        "max_lat": 40.7400,
        "min_lon": -73.8200,
        "max_lon": -73.8000
      }
    },
    {
      "zipcode": "11368",
      "name": "Corona, Queens",
      "bounds": {
        "min_lat": 40.7500,
        "max_lat": 40.7700,
        "min_lon": -73.8600,
        "max_lon": -73.8400
      }
    },
    {
      "zipcode": "11369",
      "name": "East Elmhurst, Queens",
      "bounds": {
        "min_lat": 40.7600,
        "max_lat": 40.7800,
        "min_lon": -73.8800,
        "max_lon": -73.8600
      }
    },
    {
      "zipcode": "11370",
      "name": "Elmhurst, Queens",
      "bounds": {
        "min_lat": 40.7400,
        "max_lat": 40.7600,
        "min_lon": -73.8800,
        "max_lon": -73.8600
      }
    },
    {
      "zipcode": "11371",
      "name": "Jackson Heights, Queens",
      "bounds": {
        "min_lat": 40.7500,
        "max_lat": 40.7700,
        "min_lon": -73.9000,
        "max_lon": -73.8800
      }
    },
    {
      "zipcode": "11372",
      "name": "Elmhurst, Queens",
      "bounds": {
        "min_lat": 40.7400,
        "max_lat": 40.7600,
        "min_lon": -73.9000,
        "max_lon": -73.8800
      }
    },
    {
      "zipcode": "11373",
      "name": "Elmhurst, Queens",
      "bounds": {
        "min_lat": 40.7300,
        "max_lat": 40.7500,
        "min_lon": -73.9000,
        "max_lon": -73.8800
      }
    },
    {
      "zipcode": "11374",
      "name": "Rego Park, Queens",
      "bounds": {
        "min_lat": 40.7200,
        "max_lat": 40.7400,
        "min_lon": -73.8600,
        "max_lon": -73.8400
      }
    },
    {
      "zipcode": "11375",
      "name": "Forest Hills, Queens",
      "bounds": {
        "min_lat": 40.7200,
        "max_lat": 40.7400,
        "min_lon": -73.8500,
        "max_lon": -73.8300
      }
    },
    {
      "zipcode": "11377",
      "name": "Woodside, Queens",
      "bounds": {
        "min_lat": 40.7400,
        "max_lat": 40.7600,
        "min_lon": -73.9200,
        "max_lon": -73.9000
      }
    },
    {
      "zipcode": "11378",
      "name": "Maspeth, Queens",
      "bounds": {
        "min_lat": 40.7200,
        "max_lat": 40.7400,
        "min_lon": -73.9200,
        "max_lon": -73.9000
      }
    },
    {
      "zipcode": "11379",
      "name": "Middle Village, Queens",
      "bounds": {
        "min_lat": 40.7100,
        "max_lat": 40.7300,
        "min_lon": -73.8800,
        "max_lon": -73.8600
      }
    },
    {
      "zipcode": "11385",
      "name": "Glendale, Queens",
      "bounds": {
        "min_lat": 40.7000,
        "max_lat": 40.7200,
        "min_lon": -73.8800,
        "max_lon": -73.8600
      }
    },
    {
      "zipcode": "11411",
      "name": "Cambria Heights, Queens",
      "bounds": {
        "min_lat": 40.6900,
        "max_lat": 40.7100,
        "min_lon": -73.7400,
        "max_lon": -73.7200
      }
    },
    {
      "zipcode": "11412",
      "name": "Saint Albans, Queens",
      "bounds": {
        "min_lat": 40.6900,
        "max_lat": 40.7100,
        "min_lon": -73.7600,
        "max_lon": -73.7400
      }
    },
    {
      "zipcode": "11413",
      "name": "Springfield Gardens, Queens",
      "bounds": {
        "min_lat": 40.6800,
        "max_lat": 40.7000,
        "min_lon": -73.7600,
        "max_lon": -73.7400
      }
    },
    {
      "zipcode": "11414",
      "name": "Howard Beach, Queens",
      "bounds": {
        "min_lat": 40.6500,
        "max_lat": 40.6700,
        "min_lon": -73.8400,
        "max_lon": -73.8200
      }
    },
    {
      "zipcode": "11415",
      "name": "Kew Gardens, Queens",
      "bounds": {
        "min_lat": 40.7000,
        "max_lat": 40.7200,
        "min_lon": -73.8400,
        "max_lon": -73.8200
      }
    },
    {
      "zipcode": "11416",
      "name": "Ozone Park, Queens",
      "bounds": {
        "min_lat": 40.6800,
        "max_lat": 40.7000,
        "min_lon": -73.8400,
        "max_lon": -73.8200
      }
    },
    {
      "zipcode": "11417",
      "name": "Ozone Park, Queens",
      "bounds": {
        "min_lat": 40.6700,
        "max_lat": 40.6900,
        "min_lon": -73.8400,
        "max_lon": -73.8200
      }
    },
    {
      "zipcode": "11418",
      "name": "Richmond Hill, Queens",
      "bounds": {
        "min_lat": 40.6900,
        "max_lat": 40.7100,
        "min_lon": -73.8400,
        "max_lon": -73.8200
      }
    },
    {
      "zipcode": "11419",
      "name": "South Ozone Park, Queens",
      "bounds": {
        "min_lat": 40.6800,
        "max_lat": 40.7000,
        "min_lon": -73.8200,
        "max_lon": -73.8000
      }
    },
    {
      "zipcode": "11420",
      "name": "South Ozone Park, Queens",
      "bounds": {
        "min_lat": 40.6700,
        "max_lat": 40.6900,
        "min_lon": -73.8200,
        "max_lon": -73.8000
      }
    },
    {
      "zipcode": "11421",
      "name": "Woodhaven, Queens",
      "bounds": {
        "min_lat": 40.6900,
        "max_lat": 40.7100,
        "min_lon": -73.8600,
        "max_lon": -73.8400
      }
    },
    {
      "zipcode": "11422",
      "name": "Woodhaven, Queens",
      "bounds": {
        "min_lat": 40.7000,
        "max_lat": 40.7200,
        "min_lon": -73.8600,
        "max_lon": -73.8400
      }
    },
    {
      "zipcode": "11423",
      "name": "Woodhaven, Queens",
      "bounds": {
        "min_lat": 40.7100,
        "max_lat": 40.7300,
        "min_lon": -73.8600,
        "max_lon": -73.8400
      }
    },
    {
      "zipcode": "11424",
      "name": "Woodhaven, Queens",
      "bounds": {
        "min_lat": 40.7200,
        "max_lat": 40.7400,
        "min_lon": -73.8600,
        "max_lon": -73.8400
      }
    },
    {
      "zipcode": "11426",
      "name": "Belle Harbor, Queens",
      "bounds": {
        "min_lat": 40.5700,
        "max_lat": 40.5900,
        "min_lon": -73.8600,
        "max_lon": -73.8400
      }
    },
    {
      "zipcode": "11427",
      "name": "Arverne, Queens",
      "bounds": {
        "min_lat": 40.5800,
        "max_lat": 40.6000,
        "min_lon": -73.8000,
        "max_lon": -73.7800
      }
    },
    {
      "zipcode": "11428",
      "name": "Far Rockaway, Queens",
      "bounds": {
        "min_lat": 40.6000,
        "max_lat": 40.6200,
        "min_lon": -73.7600,
        "max_lon": -73.7400
      }
    },
    {
      "zipcode": "11429",
      "name": "Bayswater, Queens",
      "bounds": {
        "min_lat": 40.6000,
        "max_lat": 40.6200,
        "min_lon": -73.7800,
        "max_lon": -73.7600
      }
    },
    {
      "zipcode": "11430",
      "name": "Arverne, Queens",
      "bounds": {
        "min_lat": 40.5800,
        "max_lat": 40.6000,
        "min_lon": -73.8000,
        "max_lon": -73.7800
      }
    },
    {
      "zipcode": "11432",
      "name": "Jamaica, Queens",
      "bounds": {
        "min_lat": 40.7000,
        "max_lat": 40.7200,
        "min_lon": -73.8000,
        "max_lon": -73.7800
      }
    },
    {
      "zipcode": "11433",
      "name": "Jamaica, Queens",
      "bounds": {
        "min_lat": 40.6900,
        "max_lat": 40.7100,
        "min_lon": -73.8000,
        "max_lon": -73.7800
      }
    },
    {
      "zipcode": "11434",
      "name": "Jamaica, Queens",
      "bounds": {
        "min_lat": 40.6800,
        "max_lat": 40.7000,
        "min_lon": -73.8000,
        "max_lon": -73.7800
      }
    },
    {
      "zipcode": "11435",
      "name": "Jamaica, Queens",
      "bounds": {
        "min_lat": 40.7000,
        "max_lat": 40.7200,
        "min_lon": -73.8200,
        "max_lon": -73.8000
      }
    },
    {
      "zipcode": "11436",
      "name": "Jamaica, Queens",
      "bounds": {
        "min_lat": 40.6900,
        "max_lat": 40.7100,
        "min_lon": -73.8200,
        "max_lon": -73.8000
      }
    }
  ]
}

